--INSERT

-- Inserting into Departments Table
INSERT INTO Departments (Dept_ID, Department_Name) VALUES
(1, 'Cardiology'),
(2, 'Neurology'),
(3, 'Orthopedics'),
(4, 'Pediatrics'),
(5, 'General Surgery'),
(6, 'Dermatology'),
(7, 'Gastroenterology'),
(8, 'Ophthalmology'),
(9, 'Dentistry'),
(10, 'Endocrinology'),
(11, 'Pulmonology'),
(12, 'Urology'),
(13, 'Radiology'),
(14, 'Anesthesiology'),
(15, 'Emergency Medicine'),
(16, 'Psychiatry'),
(17, 'Oncology'),
(18, 'Obstetrics and Gynecology'),
(19, 'Pathology'),
(20, 'Plastic Surgery'),
(21, 'Hematology'),
(22, 'Nephrology'),
(23, 'Immunology'),
(24, 'Rheumatology'),
(25, 'Geriatrics');

-- Inserting into Staff Table
INSERT INTO Staff (staff_id, staff_name, Accountant, Admin, Receptionist, phone_number, Dept_ID) VALUES
(1, 'Alice', 1, 0, 0, '1234567890', 1),
(2, 'Bob', 0, 1, 0, '1234567891', 2),
(3, 'Charlie', 0, 0, 1, '1234567892', 3),
(4, 'David', 1, 0, 0, '1234567893', 4),
(5, 'Emma', 0, 1, 0, '1234567894', 5),
(6, 'Frank', 0, 0, 1, '1234567895', 6),
(7, 'Grace', 1, 0, 0, '1234567896', 7),
(8, 'Hannah', 0, 1, 0, '1234567897', 8),
(9, 'Ivy', 0, 0, 1, '1234567898', 9),
(10, 'Jack', 1, 0, 0, '1234567899', 10),
(11, 'Kathy', 0, 1, 0, '2234567890', 11),
(12, 'Leo', 0, 0, 1, '2234567891', 12),
(13, 'Mona', 1, 0, 0, '2234567892', 13),
(14, 'Nathan', 0, 1, 0, '2234567893', 14),
(15, 'Olivia', 0, 0, 1, '2234567894', 15),
(16, 'Paul', 1, 0, 0, '2234567895', 16),
(17, 'Quinn', 0, 1, 0, '2234567896', 17),
(18, 'Rachel', 0, 0, 1, '2234567897', 18),
(19, 'Sam', 1, 0, 0, '2234567898', 19),
(20, 'Tina', 0, 1, 0, '2234567899', 20),
(21, 'Ursula', 0, 0, 1, '3234567890', 21),
(22, 'Victor', 1, 0, 0, '3234567891', 22),
(23, 'Wendy', 0, 1, 0, '3234567892', 23),
(24, 'Xander', 0, 0, 1, '3234567893', 24),
(25, 'Yara', 1, 0, 0, '3234567894', 25);

-- Inserting into Doctors Table
INSERT INTO Doctors (Doctor_ID, first_name, last_name, specialization, phone_number, email) VALUES
(1, 'John', 'Smith', 'Cardiologist', 9876543210, 'john.smith@healthcare.com'),
(2, 'Emma', 'Brown', 'Neurologist', 9876543211, 'emma.brown@healthcare.com'),
(3, 'Daniel', 'Williams', 'Orthopedist', 9876543212, 'daniel.williams@healthcare.com'),
(4, 'Sophia', 'Jones', 'Pediatrician', 9876543213, 'sophia.jones@healthcare.com'),
(5, 'David', 'Taylor', 'Surgeon', 9876543214, 'david.taylor@healthcare.com'),
(6, 'Olivia', 'Anderson', 'Dermatologist', 9876543215, 'olivia.anderson@healthcare.com'),
(7, 'James', 'Thomas', 'Gastroenterologist', 9876543216, 'james.thomas@healthcare.com'),
(8, 'Michael', 'Jackson', 'Ophthalmologist', 9876543217, 'michael.jackson@healthcare.com'),
(9, 'Isabella', 'White', 'Dentist', 9876543218, 'isabella.white@healthcare.com'),
(10, 'Liam', 'Harris', 'Endocrinologist', 9876543219, 'liam.harris@healthcare.com'),
(11, 'Ava', 'Martin', 'Pulmonologist', 9876543220, 'ava.martin@healthcare.com'),
(12, 'Ethan', 'Lee', 'Urologist', 9876543221, 'ethan.lee@healthcare.com'),
(13, 'Lucas', 'Garcia', 'Radiologist', 9876543222, 'lucas.garcia@healthcare.com'),
(14, 'Zoe', 'Perez', 'Anesthesiologist', 9876543223, 'zoe.perez@healthcare.com'),
(15, 'Mason', 'Davis', 'Emergency Medicine', 9876543224, 'mason.davis@healthcare.com'),
(16, 'Amelia', 'Miller', 'Psychiatrist', 9876543225, 'amelia.miller@healthcare.com'),
(17, 'Charlotte', 'Martinez', 'Oncologist', 9876543226, 'charlotte.martinez@healthcare.com'),
(18, 'Jack', 'Roberts', 'Gynecologist', 9876543227, 'jack.roberts@healthcare.com'),
(19, 'Henry', 'Clark', 'Pathologist', 9876543228, 'henry.clark@healthcare.com'),
(20, 'Lucas', 'Evans', 'Plastic Surgeon', 9876543229, 'lucas.evans@healthcare.com'),
(21, 'Amelia', 'Collins', 'Hematologist', 9876543230, 'amelia.collins@healthcare.com'),
(22, 'Mia', 'Young', 'Nephrologist', 9876543231, 'mia.young@healthcare.com'),
(23, 'Benjamin', 'King', 'Immunologist', 9876543232, 'benjamin.king@healthcare.com'),
(24, 'Oliver', 'Scott', 'Rheumatologist', 9876543233, 'oliver.scott@healthcare.com'),
(25, 'Ella', 'Adams', 'Geriatrician', 9876543234, 'ella.adams@healthcare.com');
-- Inserting into Nurses Table
INSERT INTO Nurse (id_nurse, name_nurse, email, phone_number, gender, DOB, Department_ID) VALUES
(1, 'Sarah', 'sarah.nurse@healthcare.com', '9876543201', 'Female', '1990-05-10', 1),
(2, 'Jake', 'jake.nurse@healthcare.com', '9876543202', 'Male', '1985-03-15', 2),
(3, 'Emily', 'emily.nurse@healthcare.com', '9876543203', 'Female', '1992-07-22', 3),
(4, 'John', 'john.nurse@healthcare.com', '9876543204', 'Male', '1989-12-05', 4),
(5, 'Anna', 'anna.nurse@healthcare.com', '9876543205', 'Female', '1991-11-30', 5),
(6, 'Brian', 'brian.nurse@healthcare.com', '9876543206', 'Male', '1990-09-13', 6),
(7, 'Laura', 'laura.nurse@healthcare.com', '9876543207', 'Female', '1988-10-23', 7),
(8, 'Zoe', 'zoe.nurse@healthcare.com', '9876543208', 'Female', '1987-06-12', 8),
(9, 'Mason', 'mason.nurse@healthcare.com', '9876543209', 'Male', '1993-08-19', 9),
(10, 'Hannah', 'hannah.nurse@healthcare.com', '9876543210', 'Female', '1990-05-07', 10),
(11, 'Ella', 'ella.nurse@healthcare.com', '9876543211', 'Female', '1992-11-11', 11),
(12, 'Sophie', 'sophie.nurse@healthcare.com', '9876543212', 'Female', '1987-01-20', 12),
(13, 'Lucas', 'lucas.nurse@healthcare.com', '9876543213', 'Male', '1991-03-18', 13),
(14, 'Leo', 'leo.nurse@healthcare.com', '9876543214', 'Male', '1986-12-25', 14),
(15, 'Samantha', 'samantha.nurse@healthcare.com', '9876543215', 'Female', '1984-02-01', 15),
(16, 'Grace', 'grace.nurse@healthcare.com', '9876543216', 'Female', '1992-05-04', 16),
(17, 'Joshua', 'joshua.nurse@healthcare.com', '9876543217', 'Male', '1988-04-13', 17),
(18, 'Amelia', 'amelia.nurse@healthcare.com', '9876543218', 'Female', '1994-10-30', 18),
(19, 'Maya', 'maya.nurse@healthcare.com', '9876543219', 'Female', '1990-09-01', 19),
(20, 'Ethan', 'ethan.nurse@healthcare.com', '9876543220', 'Male', '1989-11-16', 20),
(21, 'Lily', 'lily.nurse@healthcare.com', '9876543221', 'Female', '1995-06-10', 21),
(22, 'Owen', 'owen.nurse@healthcare.com', '9876543222', 'Male', '1992-02-14', 22),
(23, 'Natalie', 'natalie.nurse@healthcare.com', '9876543223', 'Female', '1993-01-01', 23),
(24, 'Matthew', 'matthew.nurse@healthcare.com', '9876543224', 'Male', '1991-04-11', 24),
(25, 'Megan', 'megan.nurse@healthcare.com', '9876543225', 'Female', '1990-07-28', 25);

-- Inserting into Patients Table
INSERT INTO Patients (Patient_ID, first_name, last_name, DOB, Gender, Address, Nurse_ID) VALUES
(1, 'Sarah', 'Miller', '1990-01-10', 'Female', '123 Main St', 1),
(2, 'Jake', 'Hughes', '1985-05-22', 'Male', '456 Oak St', 2),
(3, 'Emma', 'Smith', '1992-07-15', 'Female', '789 Pine St', 3),
(4, 'John', 'Taylor', '1991-11-05', 'Male', '321 Maple St', 4),
(5, 'Olivia', 'Anderson', '1989-03-25', 'Female', '654 Birch St', 5),
(6, 'James', 'Wilson', '1990-04-14', 'Male', '987 Elm St', 6),
(7, 'Charlotte', 'Martinez', '1993-06-30', 'Female', '102 Cedar St', 7),
(8, 'Michael', 'Rodriguez', '1987-08-12', 'Male', '203 Pine St', 8),
(9, 'Sophia', 'Lee', '1991-12-03', 'Female', '456 Oak St', 9),
(10, 'Liam', 'Garcia', '1988-09-17', 'Male', '789 Birch St', 10),
(11, 'Ethan', 'White', '1992-11-11', 'Male', '345 Maple St', 11),
(12, 'Mason', 'Harris', '1990-02-20', 'Male', '123 Oak St', 12),
(13, 'Zoe', 'Clark', '1991-05-11', 'Female', '567 Pine St', 13),
(14, 'Lily', 'King', '1993-04-07', 'Female', '678 Elm St', 14),
(15, 'Amelia', 'Lopez', '1988-06-21', 'Female', '101 Birch St', 15),
(16, 'William', 'Adams', '1990-10-15', 'Male', '222 Maple St', 16),
(17, 'Ava', 'Gonzalez', '1991-09-09', 'Female', '333 Oak St', 17),
(18, 'Isaac', 'Perez', '1992-08-01', 'Male', '444 Pine St', 18),
(19, 'Emma', 'Roberts', '1990-12-28', 'Female', '555 Birch St', 19),
(20, 'Lucas', 'Scott', '1987-07-18', 'Male', '666 Maple St', 20),
(21, 'Grace', 'Evans', '1991-01-22', 'Female', '777 Oak St', 21),
(22, 'Mia', 'Carter', '1992-02-03', 'Female', '888 Pine St', 22),
(23, 'Jack', 'Baker', '1989-12-10', 'Male', '999 Birch St', 23),
(24, 'Sophie', 'Morris', '1990-03-11', 'Female', '123 Maple St', 24),
(25, 'Zane', 'Walker', '1993-05-05', 'Male', '234 Oak St', 25);

-- Inserting into Medical_Records Table
INSERT INTO Medical_Records (Medical_Record_ID, Patient_ID, Visit_Date, Symptoms, Diagnosis) VALUES
(1, 1, '2025-01-10', 'Fever, Cough', 'Flu'),
(2, 2, '2025-01-12', 'Headache, Dizziness', 'Migraine'),
(3, 3, '2025-01-14', 'Stomach Pain', 'Gastritis'),
(4, 4, '2025-01-16', 'Chest Pain', 'Angina'),
(5, 5, '2025-01-18', 'Rash', 'Allergic Reaction'),
(6, 6, '2025-01-20', 'Shortness of Breath', 'Asthma'),
(7, 7, '2025-01-22', 'Fatigue', 'Anemia'),
(8, 8, '2025-01-24', 'Pain in Joint', 'Arthritis'),
(9, 9, '2025-01-26', 'Cough, Fatigue', 'Bronchitis'),
(10, 10, '2025-01-28', 'Back Pain', 'Sciatica'),
(11, 11, '2025-01-30', 'Insomnia', 'Sleep Disorder'),
(12, 12, '2025-02-01', 'Knee Pain', 'Osteoarthritis'),
(13, 13, '2025-02-03', 'Abdominal Pain', 'Ulcer'),
(14, 14, '2025-02-05', 'Nausea', 'Food Poisoning'),
(15, 15, '2025-02-07', 'Fever', 'Viral Infection'),
(16, 16, '2025-02-09', 'Joint Pain', 'Rheumatoid Arthritis'),
(17, 17, '2025-02-11', 'Stomach Ache', 'Indigestion'),
(18, 18, '2025-02-13', 'Headache', 'Tension Headache'),
(19, 19, '2025-02-15', 'Cough', 'Cold'),
(20, 20, '2025-02-17', 'Nausea', 'Stomach Flu'),
(21, 21, '2025-02-19', 'Painful Urination', 'Urinary Tract Infection'),
(22, 22, '2025-02-21', 'Muscle Pain', 'Fibromyalgia'),
(23, 23, '2025-02-23', 'Fever, Chills', 'Malaria'),
(24, 24, '2025-02-25', 'Stomach Pain', 'Gastritis'),
(25, 25, '2025-02-27', 'Severe Headache', 'Cluster Headache');

-- Inserting into Appointments Table
INSERT INTO Appointments (appointment_id, time, date, patient_id, doctor_id, confirmed, completed, canceled) VALUES
(1, '09:00:00', '2025-02-10', 1, 1, 1, 0, 0),
(2, '10:00:00', '2025-02-10', 2, 2, 1, 0, 0),
(3, '11:00:00', '2025-02-10', 3, 3, 1, 0, 0),
(4, '12:00:00', '2025-02-10', 4, 4, 1, 0, 0),
(5, '13:00:00', '2025-02-10', 5, 5, 1, 0, 0),
(6, '14:00:00', '2025-02-10', 6, 6, 1, 0, 0),
(7, '15:00:00', '2025-02-10', 7, 7, 1, 0, 0),
(8, '16:00:00', '2025-02-10', 8, 8, 1, 0, 0),
(9, '17:00:00', '2025-02-10', 9, 9, 1, 0, 0),
(10, '18:00:00', '2025-02-10', 10, 10, 1, 0, 0),
(11, '09:00:00', '2025-02-11', 11, 11, 1, 0, 0),
(12, '10:00:00', '2025-02-11', 12, 12, 1, 0, 0),
(13, '11:00:00', '2025-02-11', 13, 13, 1, 0, 0),
(14, '12:00:00', '2025-02-11', 14, 14, 1, 0, 0),
(15, '13:00:00', '2025-02-11', 15, 15, 1, 0, 0),
(16, '14:00:00', '2025-02-11', 16, 16, 1, 0, 0),
(17, '15:00:00', '2025-02-11', 17, 17, 1, 0, 0),
(18, '16:00:00', '2025-02-11', 18, 18, 1, 0, 0),
(19, '17:00:00', '2025-02-11', 19, 19, 1, 0, 0),
(20, '18:00:00', '2025-02-11', 20, 20, 1, 0, 0),
(21, '09:00:00', '2025-02-12', 21, 21, 1, 0, 0),
(22, '10:00:00', '2025-02-12', 22, 22, 1, 0, 0),
(23, '11:00:00', '2025-02-12', 23, 23, 1, 0, 0),
(24, '12:00:00', '2025-02-12', 24, 24, 1, 0, 0),
(25, '13:00:00', '2025-02-12', 25, 25,1,0,0)


-- Inserting into Prescriptions Table
INSERT INTO Prescriptions (prescription_id, doctor_id, patient_id, date_prescribed, medication_name, expiry_date, dosage, instructions) VALUES
(1, 1, 1, '2025-02-10', 'Paracetamol', '2025-05-10', '500mg', 'Take once a day after meals'),
(2, 2, 2, '2025-02-10', 'Ibuprofen', '2025-06-10', '200mg', 'Take every 8 hours with food'),
(3, 3, 3, '2025-02-10', 'Aspirin', '2025-07-10', '300mg', 'Take once before bed'),
(4, 4, 4, '2025-02-10', 'Amoxicillin', '2025-08-10', '500mg', 'Take twice a day for 10 days'),
(5, 5, 5, '2025-02-10', 'Ciprofloxacin', '2025-09-10', '250mg', 'Take every 12 hours'),
(6, 6, 6, '2025-02-10', 'Loratadine', '2025-10-10', '10mg', 'Take once a day'),
(7, 7, 7, '2025-02-10', 'Metformin', '2025-11-10', '500mg', 'Take twice a day with meals'),
(8, 8, 8, '2025-02-10', 'Levothyroxine', '2025-12-10', '50mcg', 'Take once in the morning'),
(9, 9, 9, '2025-02-10', 'Omeprazole', '2026-01-10', '20mg', 'Take once a day before meals'),
(10, 10, 10, '2025-02-10', 'Simvastatin', '2026-02-10', '40mg', 'Take once in the evening'),
(11, 11, 11, '2025-02-10', 'Hydrochlorothiazide', '2026-03-10', '25mg', 'Take once a day in the morning'),
(12, 12, 12, '2025-02-10', 'Furosemide', '2026-04-10', '40mg', 'Take once a day in the morning'),
(13, 13, 13, '2025-02-10', 'Fluoxetine', '2026-05-10', '20mg', 'Take once a day in the morning'),
(14, 14, 14, '2025-02-10', 'Prednisone', '2026-06-10', '5mg', 'Take once a day for 5 days'),
(15, 15, 15, '2025-02-10', 'Montelukast', '2026-07-10', '10mg', 'Take once in the evening'),
(16, 16, 16, '2025-02-10', 'Albuterol', '2026-08-10', '90mcg', 'Take two puffs every 4 hours as needed'),
(17, 17, 17, '2025-02-10', 'Cetirizine', '2026-09-10', '10mg', 'Take once a day'),
(18, 18, 18, '2025-02-10', 'Doxycycline', '2026-10-10', '100mg', 'Take once a day with food'),
(19, 19, 19, '2025-02-10', 'Clopidogrel', '2026-11-10', '75mg', 'Take once a day'),
(20, 20, 20, '2025-02-10', 'Atorvastatin', '2026-12-10', '20mg', 'Take once a day in the evening'),
(21, 21, 21, '2025-02-10', 'Zolpidem', '2027-01-10', '10mg', 'Take once a day before bed'),
(22, 22, 22, '2025-02-10', 'Gabapentin', '2027-02-10', '300mg', 'Take once a day in the evening'),
(23, 23, 23, '2025-02-10', 'Citalopram', '2027-03-10', '20mg', 'Take once a day in the morning'),
(24, 24, 24, '2025-02-10', 'Valacyclovir', '2027-04-10', '500mg', 'Take twice a day for 5 days'),
(25, 25, 25, '2025-02-10', 'Tamsulosin', '2027-05-10', '0.4mg', 'Take once a day after meals');

-- Inserting into Reviews Table
INSERT INTO Reviews (review_id, date_submitted, rating, patient_id) VALUES
(1, '2025-02-11', 5, 1),
(2, '2025-02-12', 4, 2),
(3, '2025-02-13', 3, 3),
(4, '2025-02-14', 5, 4),
(5, '2025-02-15', 4, 5),
(6, '2025-02-16', 5, 6),
(7, '2025-02-17', 3, 7),
(8, '2025-02-18', 4, 8),
(9, '2025-02-19', 5, 9),
(10, '2025-02-20', 4, 10),
(11, '2025-02-21', 3, 11),
(12, '2025-02-22', 5, 12),
(13, '2025-02-23', 4, 13),
(14, '2025-02-24', 3, 14),
(15, '2025-02-25', 5, 15),
(16, '2025-02-26', 4, 16),
(17, '2025-02-27', 3, 17),
(18, '2025-02-28', 5, 18),
(19, '2025-03-01', 4, 19),
(20, '2025-03-02', 3, 20),
(21, '2025-03-03', 5, 21),
(22, '2025-03-04', 4, 22),
(23, '2025-03-05', 3, 23),
(24, '2025-03-06', 5, 24),
(25, '2025-03-07', 4, 25);

-- Inserting into Patient_Payment Table
INSERT INTO Patient_Payment (payment_id, patient_id) VALUES
(1, 1),
(2, 2),
(3, 3),
(4, 4),
(5, 5),
(6, 6),
(7, 7),
(8, 8),
(9, 9),
(10, 10),
(11, 11),
(12, 12),
(13, 13),
(14, 14),
(15, 15),
(16, 16),
(17, 17),
(18, 18),
(19, 19),
(20, 20),
(21, 21),
(22, 22),
(23, 23),
(24, 24),
(25, 25);

-- Inserting into Payment_Methods Table
INSERT INTO Payment_Methods (payment_id, credit_card, transaction_date, amount, pending, failed, completed, cash, insurance) VALUES
(1, '1234567812345678', '2025-02-10', 150.00, 0, 0, 1, 0, 0),
(2, '2345678923456789', '2025-02-11', 200.00, 0, 0, 1, 0, 0),
(3, '3456789034567890', '2025-02-12', 250.00, 0, 0, 1, 0, 0),
(4, '4567890145678901', '2025-02-13', 100.00, 0, 0, 1, 0, 0),
(5, '5678901256789012', '2025-02-14', 300.00, 0, 0, 1, 0, 0),
(6, '6789012367890123', '2025-02-15', 350.00, 0, 0, 1, 0, 0),
(7, '7890123478901234', '2025-02-16', 400.00, 0, 0, 1, 0, 0),
(8, '8901234589012345', '2025-02-17', 450.00, 0, 0, 1, 0, 0),
(9, '9012345690123456', '2025-02-18', 500.00, 0, 0, 1, 0, 0),
(10, '0123456701234567', '2025-02-19', 550.00, 0, 0, 1, 0, 0),
(11, NULL, '2025-02-20', 60.00, 0, 0, 1, 1, 0),
(12, NULL, '2025-02-21', 70.00, 0, 0, 1, 1, 0),
(13, NULL, '2025-02-22', 80.00, 0, 0, 1, 1, 0),
(14, NULL, '2025-02-23', 90.00, 0, 0, 1, 1, 0),
(15, NULL, '2025-02-24', 110.00, 0, 0, 1, 1, 0),
(16, NULL, '2025-02-25', 120.00, 0, 0, 1, 1, 0),
(17, NULL, '2025-02-26', 130.00, 0, 0, 1, 1, 0),
(18, NULL, '2025-02-27', 140.00, 0, 0, 1, 1, 0),
(19, NULL, '2025-02-28', 160.00, 0, 0, 1, 1, 0),
(20, NULL, '2025-03-01', 170.00, 0, 0, 1, 1, 0),
(21, '1234567812345678', '2025-03-02', 200.00, 0, 0, 1, 0, 0),
(22, '2345678923456789', '2025-03-03', 250.00, 0, 0, 1, 0, 0),
(23, '3456789034567890', '2025-03-04', 300.00, 0, 0, 1, 0, 0),
(24, '4567890145678901', '2025-03-05', 350.00, 0, 0, 1, 0, 0),
(25, '5678901256789012', '2025-03-06', 400.00, 0, 0, 1, 0, 0);

-- Inserting into Reviews_Comment Table
INSERT INTO Reviews_Comment (review_id, comment) VALUES
(1, 'Great experience, very professional staff!'),
(2, 'Good service, but the waiting time was long.'),
(3, 'Average experience, the doctor was okay.'),
(4, 'Amazing care, the doctor was very friendly and thorough.'),
(5, 'Good service, but the receptionist was not helpful.'),
(6, 'Excellent care, the nurse was very kind.'),
(7, 'The doctor didn’t seem to listen to my concerns.'),
(8, 'The clinic was clean, and the staff were friendly.'),
(9, 'Great experience, would recommend to others!'),
(10, 'The waiting time was too long, but the service was good.'),
(11, 'The doctor was not very informative.'),
(12, 'Wonderful experience, will definitely return.'),
(13, 'The staff was very polite, but I felt rushed.'),
(14, 'Good experience overall, but I was expecting better care.'),
(15, 'Very professional, the doctor took time to explain everything.'),
(16, 'I had a very bad experience, I won’t be coming back.'),
(17, 'The nurse was very caring, but the doctor seemed distracted.'),
(18, 'Very satisfied with the treatment I received.'),
(19, 'Good service, but I had to wait a long time for my appointment.'),
(20, 'I feel much better after my visit, the doctor was excellent.'),
(21, 'The clinic was very clean, and the staff were attentive.'),
(22, 'Not happy with the service, felt the doctor was too rushed.'),
(23, 'I had a great experience, very thorough consultation.'),
(24, 'The staff was professional, but the appointment took longer than expected.'),
(25, 'Very friendly staff, the doctor explained everything clearly.');

-- Inserting into Department_doctor Table
INSERT INTO Department_doctor (Dept_ID, Doctor_id) VALUES
(1, 1),
(1, 2),
(2, 3),
(2, 4),
(3, 5),
(3, 6),
(4, 7),
(4, 8),
(5, 9),
(5, 10),
(6, 11),
(6, 12),
(7, 13),
(7, 14),
(8, 15),
(8, 16),
(9, 17),
(9, 18),
(10, 19),
(10, 20),
(11, 21),
(11, 22),
(12, 23),
(12, 24),
(13, 25);

-- Inserting into Insurance_Providers_Patient Table
INSERT INTO Insurance_Providers_Patient (patient_id, provider_id) VALUES
(1, 1),
(2, 2),
(3, 3),
(4, 4),
(5, 5),
(6, 6),
(7, 7),
(8, 8),
(9, 9),
(10, 10),
(11, 11),
(12, 12),
(13, 13),
(14, 14),
(15, 15),
(16, 16),
(17, 17),
(18, 18),
(19, 19),
(20, 20),
(21, 21),
(22, 22),
(23, 23),
(24, 24),
(25, 25);

-- Inserting into Prescriptions_Patient Table
INSERT INTO Prescriptions_Patient (prescription_id, patient_id) VALUES
(1, 1),
(2, 2),
(3, 3),
(4, 4),
(5, 5),
(6, 6),
(7, 7),
(8, 8),
(9, 9),
(10, 10),
(11, 11),
(12, 12),
(13, 13),
(14, 14),
(15, 15),
(16, 16),
(17, 17),
(18, 18),
(19, 19),
(20, 20),
(21, 21),
(22, 22),
(23, 23),
(24, 24),
(25, 25);




-- Inserting into Insurance_Providers Table
INSERT INTO Insurance_Providers (provider_ID, Provider_Name, Email, insurance_type, phone_number) VALUES
(1, 'Provider1', 'provider1@example.com', 'Health', '0123456789'),
(2, 'Provider2', 'provider2@example.com', 'Health', '0123456790'),
(3, 'Provider3', 'provider3@example.com', 'Health', '0123456791'),
(4, 'Provider4', 'provider4@example.com', 'Health', '0123456792'),
(5, 'Provider5', 'provider5@example.com', 'Health', '0123456793'),
(6, 'Provider6', 'provider6@example.com', 'Health', '0123456794'),
(7, 'Provider7', 'provider7@example.com', 'Health', '0123456795'),
(8, 'Provider8', 'provider8@example.com', 'Health', '0123456796'),
(9, 'Provider9', 'provider9@example.com', 'Health', '0123456797'),
(10, 'Provider10', 'provider10@example.com', 'Health', '0123456798'),
(11, 'Provider11', 'provider11@example.com', 'Health', '0123456799'),
(12, 'Provider12', 'provider12@example.com', 'Health', '0123456800'),
(13, 'Provider13', 'provider13@example.com', 'Health', '0123456801'),
(14, 'Provider14', 'provider14@example.com', 'Health', '0123456802'),
(15, 'Provider15', 'provider15@example.com', 'Health', '0123456803'),
(16, 'Provider16', 'provider16@example.com', 'Health', '0123456804'),
(17, 'Provider17', 'provider17@example.com', 'Health', '0123456805'),
(18, 'Provider18', 'provider18@example.com', 'Health', '0123456806'),
(19, 'Provider19', 'provider19@example.com', 'Health', '0123456807'),
(20, 'Provider20', 'provider20@example.com', 'Health', '0123456808'),
(21, 'Provider21', 'provider21@example.com', 'Health', '0123456809'),
(22, 'Provider22', 'provider22@example.com', 'Health', '0123456810'),
(23, 'Provider23', 'provider23@example.com', 'Health', '0123456811'),
(24, 'Provider24', 'provider24@example.com', 'Health', '0123456812'),
(25, 'Provider25', 'provider25@example.com', 'Health', '0123456813');

-- Inserting into Department_Location Table
INSERT INTO Department_Location (Dept_ID, Location) VALUES
(1, 'Building A, Floor 1'),
(2, 'Building B, Floor 2'),
(3, 'Building C, Floor 3'),
(4, 'Building D, Floor 4'),
(5, 'Building E, Floor 5'),
(6, 'Building F, Floor 1'),
(7, 'Building G, Floor 2'),
(8, 'Building H, Floor 3'),
(9, 'Building I, Floor 4'),
(10, 'Building J, Floor 5'),
(11, 'Building K, Floor 1'),
(12, 'Building L, Floor 2'),
(13, 'Building M, Floor 3'),
(14, 'Building N, Floor 4'),
(15, 'Building O, Floor 5'),
(16, 'Building P, Floor 1'),
(17, 'Building Q, Floor 2'),
(18, 'Building R, Floor 3'),
(19, 'Building S, Floor 4'),
(20, 'Building T, Floor 5'),
(21, 'Building U, Floor 1'),
(22, 'Building V, Floor 2'),
(23, 'Building W, Floor 3'),
(24, 'Building X, Floor 4'),
(25, 'Building Y, Floor 5');

-- Inserting into Patient_Phone Table
INSERT INTO Patient_Phone (Patient_ID, phone_number) VALUES
(1, '01001234567'),
(2, '01002345678'),
(3, '01003456789'),
(4, '01004567890'),
(5, '01005678901'),
(6, '01006789012'),
(7, '01007890123'),
(8, '01008901234'),
(9, '01009123456'),
(10, '01010234567'),
(11, '01011345678'),
(12, '01012456789'),
(13, '01013567890'),
(14, '01014678901'),
(15, '01015789012'),
(16, '01016890123'),
(17, '01017901234'),
(18, '01018012345'),
(19, '01019123456'),
(20, '01020234567'),
(21, '01021345678'),
(22, '01022456789'),
(23, '01023567890'),
(24, '01024678901'),
(25, '01025789012');

-- Inserting into Medic_Doctors Table
INSERT INTO Medic_Doctors (Medic_Record_ID, Doctor_ID) VALUES
(1, 1),
(2, 2),
(3, 3),
(4, 4),
(5, 5),
(6, 6),
(7, 7),
(8, 8),
(9, 9),
(10, 10),
(11, 11),
(12, 12),
(13, 13),
(14, 14),
(15, 15),
(16, 16),
(17, 17),
(18, 18),
(19, 19),
(20, 20),
(21, 21),
(22, 22),
(23, 23),
(24, 24),
(25, 25);

-- Inserting into Patients_Doctors Table
INSERT INTO Patients_Doctors (Patient_ID, Doctor_ID) VALUES
(1, 1),
(2, 2),
(3, 3),
(4, 4),
(5, 5),
(6, 6),
(7, 7),
(8, 8),
(9, 9),
(10, 10),
(11, 11),
(12, 12),
(13, 13),
(14, 14),
(15, 15),
(16, 16),
(17, 17),
(18, 18),
(19, 19),
(20, 20),
(21, 21),
(22, 22),
(23, 23),
(24, 24),
(25, 25);
select * from Appointments

BACKUP DATABASE [Health Care]
TO DISK = 'C:\Users\p\Desktop\Aya Eid Mahmoud'
WITH FORMAT,
MEDIANAME = 'HealthCareBackupMedia',
NAME = 'Full Backup of Health Care Database';
select* from Doctors